{
  "power_rmse_W": 0.34373714435896063,
  "power_mae_W": 0.19911552157271092,
  "soc_rmse": 0.03741105413329705,
  "soc_mae": 0.03483025004333646,
  "voltage_rmse_V": 0.13571490507111478,
  "current_rmse_A": 0.08017639520705669,
  "T_C_mean": 29.22458494623656,
  "C_nom_Ah": 5.905,
  "P0_W": 0.1507187623
}