{
  "power_rmse_W": 0.19494915285148212,
  "power_mae_W": 0.14781518720476766,
  "soc_rmse": 0.014597116705902635,
  "soc_mae": 0.012585749518629574,
  "voltage_rmse_V": 0.6764437609174487,
  "current_rmse_A": 0.06482275520839058,
  "T_C_mean": 27.407822869955158,
  "C_nom_Ah": 5.905,
  "P0_W": 0.05574739616812704
}